year,MSW_Q05raw,MSW_Q25raw,MSW_Q50raw,MSW_Q75raw,MSW_Q95raw,1SW_Q05raw,1SW_Q25raw,1SW_Q50raw,1SW_Q75raw,1SW_Q95raw,northern_mnwinlen,northern_mnwinsrt,northern_mnwinend,northern_mnsumlen,northern_mnsumsrt,northern_mnsumend,southern_mnwinlen,southern_mnwinsrt,southern_mnwinend,southern_mnsumlen,southern_mnsumsrt,southern_mnsumend,meanyearflow,Jan,Feb,Mar,Apr,May,Jun,Jul,Aug,Sep,Oct,Nov,Dec,meanwinterflow,meanspringflow,meansummerflow,meanfallflow,Q05,Q10,Q15,Q20,Q25,Q30,Q35,Q40,Q45,Q50,Q55,Q60,Q65,Q70,Q75,Q80,Q85,Q90,Q95,djf,mam,jja,son,january,february,march,april,may,june,july,august,september,october,november,december,rivsumsrt,rivsumend,rivsumlen,northern_mnsumlen_lag,wscv,sprinfl
1983,167,173,186,241,281,180,204,232,260,282,125,-8.560771165129925,115.69656328583405,78,192.24308466051968,269.8097233864208,71,34.58888888888889,106.02063492063492,63,202.23968253968255,264.64920634920634,16496.761643835616,10879.075268817203,9039.166666666666,18213.225806451617,44134.88888888889,29580,14132.155555555555,7706.623655913979,6600.215053763441,5751.6,6628.795698924731,17671.644444444446,27408.60215053763,12832.866666666669,29285.61904761905,6696.304347826087,17231.615942028984,28,61,81,93,104,110,115,119,125,132,147,162,196,235,285,323,333,343,352,0.24666666666666667,5.778260869565218,20.73555447951608,11.49005566831037,0.0935483870967742,0.10714285714285716,0.6483870967741936,5.21,11.458064516129031,19.058888888888887,21.642045708112832,21.451642854752087,18.636502193874794,11.796774193548387,4.026666666666666,0.5258064516129032,170,247,47,73,108,80
1984,169,175,188,200,270,187,194,205,242,270,142,-10.331098072087174,132.48281642917016,73,196.2338642078793,269.44844928751047,109,6.6158730158730155,116.38888888888889,57,205.16984126984127,261.97460317460315,14618.005464480875,9086.021505376344,11163.448275862069,12522.258064516129,37090,31457.204301075268,31850.88888888889,14205.41935483871,6660.989247311828,5411.644444444444,5056.623655913979,5599.844444444445,5781.763440860215,10918.644688644688,33443.956043956045,8795.739130434782,5478.101449275362,30,56,78,95,103,110,116,122,130,140,150,155,160,167,181,195,223,269,320,0.434400182591256,5.144565217391304,20.912622520889062,11.136942609849871,0.4290322580645161,0.11379310344827588,0.12258064516129032,3.3033333333333332,11.948387096774193,17.643333333333334,22.080645161290324,22.90842812650947,17.81,11.47741935483871,4.112059249877948,0.7396908585743319,190,241,52,78,108,95
1985,154,168,185,208,265,182,197,215,248,273,158,-17.702430846605196,140.32523051131602,57,205.41324392288348,262.48784576697403,120,11.82857142857143,131.8095238095238,31,217.56031746031744,249.09047619047615,7853.004566210046,4703.010752688172,5335.119047619048,11162.58064516129,15903.2,10184.924731182797,6529.711111111111,7852.193548387097,5164.064516129032,5389.622222222222,5540.666666666667,10275.844444444445,6167.139784946236,7124.62962962963,10865.054945054944,6143.398550724638,7295.840579710145,31,58,76,86,95,104,113,123,136,151,174,192,211,237,266,289,313,325,341,0.2248889160156289,6.614342155769035,21.132971014492753,10.539693606310289,0,0.5504315603347132,1.571332443401385,5.2517433837301075,12.975995841077582,17.914444444444445,22.75483870967742,22.625806451612902,18.416666666666668,9.505537017494138,3.731349021063926,0.15573931458176238,189,237,49,73,95,97
1986,162,173,184,198,263,181,194,201,220,268,136,-15.538139145012574,119.98491198658844,65,203.1349538977368,268.2539815590947,117,0.20000000000000004,117.41111111111113,35,210.66507936507935,245.97142857142856,11683.523287671233,9606.021505376344,12008.57142857143,12067.956989247312,28222,15016.129032258064,9299.8,6917.462365591397,11221.462365591398,9274.377777777778,7945.075268817204,7285.777777777778,11606.129032258064,11201.481481481482,17485.20879120879,9136.282608695652,8963.702898550724,28,38,60,84,92,98,106,114,124,141,153,175,207,228,247,271,294,329,344,0.294333433928317,7.589992125138001,19.74400830476181,9.447468376858335,0.5805782359133548,0.01055050804501637,1.784100596110037,7.222405234442831,13.751612903225809,18.05444444444445,21.07192219559864,20.051156214232087,15.953333333333331,9.903225806451612,2.470654076470284,0.2644086940314218,200,213,14,57,95,69
1987,158,174,183,200,267,181,191,202,214,268,152,-24.559932942162614,126.883487007544,70,200.32103939647948,270.2590108968986,121,5.9714285714285715,126.87619047619047,54,203.22698412698412,256.95396825396824,10579.063013698633,7823.139784946236,6289.047619047619,14915.698924731185,37780.22222222222,10407.89247311828,7621.088888888888,4923.354838709677,3680.086021505376,5979.133333333333,8051.741935483871,7777.466666666666,11828,9788.85925925926,18513.01098901099,4848.702898550725,9234.739130434782,25,54,82,88,92,95,98,101,106,114,129,149,173,209,260,282,307,333,344,0.13113913924605894,8.281212510684046,20.295781573498964,10.313448124141486,0,0,1.8189934351111068,9.154577525779263,13.89823963616484,18.567063492063493,21.296774193548387,20.967741935483872,16.966666666666665,10.483870967741936,3.484125976562505,0.3807265332950098,192,234,28,65,95,66
1988,161,179,189,233,248,188,208,234,241,270,139,-11.697401508801342,126.93461860854988,80,195.04945515507129,275.05113160100586,122,-0.3238095238095238,122.4063492063492,42,209.0142857142857,250.84126984126985,9008.513661202183,5831.4838709677415,6223.977011494253,9366.924731182797,22835.11111111111,10156.516129032258,4278.822222222222,4686.688172043011,6200,5996.577777777778,7932.10752688172,16460.88888888889,8390.10752688172,7160.945054945055,12398.57142857143,5623.746376811594,10867.557971014492,29,56,83,92,97,103,111,120,132,152,191,224,248,277,301,311,320,331,343,0.23639654082693504,7.064332466990836,21.667934782608697,9.879630522675573,0.1324057056057878,0.212787365091262,1.5540472625404376,5.7469929497023315,13.849462365591398,19.38722222222222,22.946236559139784,22.596774193548388,16.072222222222223,9.096774193548388,4.495990363227016,0.3624733791556474,171,232,52,70,97,75
1989,167,179,189,199,261,184,195,201,221,261,132,-5.9438390611902765,126.4425817267393,73,197.38222967309304,270.18440905280806,119,2.466666666666667,121.3063492063492,55,204.7952380952381,259.4984126984127,11348.133333333331,5237.419354838709,5080.9047619047615,5924.559139784947,27498.11111111111,34162.98924731183,10288.622222222222,5147.354838709677,9196.623655913978,6958.844444444445,7509.956989247312,12506.044444444444,6442.215053763441,5425.407407407408,24095.106227106226,7102.485507246377,8779.333333333334,40,83,96,102,108,117,125,130,134,139,145,162,183,219,241,271,299,318,334,0.11614809954608252,6.460538289407262,20.95527087646653,11.050005256736677,0.14446238856162236,0.19733619689941811,1.136882880426233,5.003412332212315,13.19431559244792,18.58134920634921,22.154121863799283,22.053763440860216,18.55,10.64516129032258,3.968349278767916,0.0145026258243041,178,236,59,80,115,111
1990,161,170,181,196,278,181,195,214,255,278,151,-13.690695725062866,137,68,209.01005867560772,276.9631181894384,133,-12.453968253968254,120.96666666666668,63,205.868253968254,269.2857142857143,15421.008219178082,6797.139784946236,8985.833333333334,15799.462365591398,29190.222222222223,19011.39784946237,15583.644444444444,8599.569892473119,9024.68817204301,7392.866666666667,22377.505376344085,24220.222222222223,17921.075268817203,10578.866666666669,21237.02564102564,8349.326086956522,21476.768115942028,39,71,86,98,107,115,128,143,159,178,206,236,274,292,301,309,320,334,349,0.5970600749828261,7.181803113316027,22.25418980639914,11.381717891483524,0.28029552992954576,0.2436010269891682,2.036950937906912,6.852680244998675,12.64516129032258,18.9703759680854,23.388400875624793,24.297863096831943,18.223875359429258,11.887096774193548,4.017335578070766,1.2330779537077976,182,249,68,73,100,85
1991,158,170,188,232,280,184,200,223,241,276,153,-10.174350377200335,142.86169321039395,26,221.64291701592623,248.05783738474435,114,8.087301587301587,122.16349206349206,40,208.7079365079365,248.82063492063492,13005.97808219178,10023.118279569891,7043.690476190476,13724.301075268815,41336,18649.440860215054,7913,4088.3655913978496,8078.043010752688,8139.666666666667,16025.655913978497,13222.666666666666,7850.387096774193,10371.037037037036,22589.040293040292,6753.789855072464,12356.927536231884,22,55,78,91,98,104,109,114,120,126,138,163,204,239,270,285,299,317,335,0.2321531592475076,7.670753217359434,22.30797101449275,10.983480714790993,0.04241923670614993,0.16165266491118352,1.5628774581417095,7.142003159822496,14.290322580645162,20.91111111111111,23.548387096774192,22.419354838709676,18.116666666666667,10.580645161290322,4.266558168199344,0.48556494764102903,172,235,64,68,103,79
1992,158,172,183,196,230,180,191,202,224,284,149,-7.77116512992456,140.81810561609387,41,224.50880134115675,266.28248113998325,125,7.707936507936508,133.34920634920636,47,217.6095238095238,264.67619047619047,10161.69034608379,9871.462365591398,6912.16091954023,13508.817204301076,27496,13738.731182795698,6882.444444444444,9747.52688172043,7103.1612903225805,6119.622222222222,6082.731182795699,7961.622222222222,6558.387096774193,10167.48717948718,16013.78021978022,7673.478260869565,6855.688405797101,18,40,67,83,92,98,105,112,119,126,138,161,186,205,225,257,287,315,337,0.2364653982085656,6.52709675604395,20.98768115942029,10.698709492107024,0.1834410800728777,0.05895125290443314,1.2211701752037225,4.6378875374909345,13.661290322580646,20.059444444444445,21.131720430107528,21.741935483870968,18.633333333333333,10.629032258064516,2.8360854593913,0.4555513361448935,176,243,43,26,97,102
1993,165,174,182,204,267,183,200,210,258,288,155,-22.910310142497902,131.72506286672254,54,212.01005867560772,266.0016764459346,117,7.622222222222222,124.64126984126985,51,211.0047619047619,261.9761904761905,11856.401826484018,4802.193548387097,3942.9761904761904,6390.043010752688,42469.444444444445,17267.52688172043,11653.4,6377.182795698925,4355.225806451613,5469.933333333333,9083.139784946236,11240.711111111112,19214.322580645163,5081.8074074074075,23725.040293040292,5400.028985507246,13200.463768115942,49,88,99,104,108,111,115,120,130,143,160,180,212,260,290,311,330,345,354,0.513481612028905,7.238217602605414,22.34057971014493,10.727326970921345,0.3107792433872067,0,1.150202425064584,6.7586581420898675,13.790322580645162,19.15,23.865591397849464,23.903225806451612,19.35,9.055980928482562,3.831711519029424,1.1799738237934851,174,252,79,41,108,72
1994,159,169,177,195,237,177,192,199,218,256,148,-10.238893545683151,138.10393964794636,71,204.22967309304275,274.74685666387256,114,5.76031746031746,120.2809523809524,64,192.62698412698413,257.2079365079365,11397.735159817352,7387.978494623656,7225.261904761905,8049.956989247312,41380.311111111114,27600.64516129032,8706.244444444445,6418.8387096774195,4848.129032258064,4993.6,5695.698924731183,7538.577777777778,7073.075268817204,7565.37037037037,25914.468864468865,5424.826086956522,6760.753623188406,29,57,85,99,104,108,111,115,119,124,130,136,145,166,192,230,273,308,336,0.42370394953975327,6.323226659975511,22.66304347826087,10.564892822936354,0.06727145615444523,0.2735861551193973,1.4694770402805926,6.593346403186473,10.915570076563046,20.916666666666668,24.629032258064516,22.387096774193548,17.45,9.4977866191249,4.78246205647788,0.9157267088531248,166,235,70,54,110,70
1995,152,163,171,192,256,174,200,202,255,283,137,-17.77116512992456,118.9815590947192,50,210.48281642917016,260.0896898575021,130,1.2825396825396824,131.14285714285714,50,204.0095238095238,254.47619047619048,9943.704109589042,11522.451612903224,6777.976190476191,11513.010752688171,18939.333333333332,14479.139784946236,8698.666666666666,4260.064516129032,3556.9032258064517,3199.6666666666665,6121.8279569892475,22411.533333333333,7972.172043010752,10043.14074074074,14043.882783882784,3677.347826086957,12057.173913043478,20,32,59,79,91,102,111,119,131,144,158,181,224,280,305,315,322,328,341,0.18012500339084392,6.29828241044198,21.646418842370963,10.677713705768523,0.4845431009928417,0.01227670397077369,2.005015654205007,4.805130437215189,12.03653494722101,19.85277799818251,24.011707740701656,21.01691140615813,16.323625920613612,12.69351448141119,2.9488073560926806,0.02731182139407081,174,231,58,71,94,92
1996,155,163,171,184,205,170,183,187,204,215,128,1.672254819782062,130.40821458507963,59,206.91366303436715,265.6219614417435,119,6.06031746031746,124.84285714285714,40,217.7904761904762,257.9904761904762,17538.016393442624,16035.720430107527,21912.528735632182,17854.83870967742,31571.333333333332,32396.129032258064,13467.933333333334,24709.032258064515,7073.720430107527,7790.622222222222,8254.881720430107,9787.91111111111,19640.7311827957,18528.249084249084,25884.153846153848,13249.826086956522,12591.31884057971,27,36,54,66,86,106,115,120,126,136,147,169,191,201,214,260,299,334,349,0.8720054654411449,5.709551964334987,19.69810880301656,9.071505752954742,0.5695161388766443,0.5476867763475497,0.7680518201602515,5.564633139642562,10.791296132405618,18.86558497111003,19.391036462271092,20.810849368187696,16.169309539794934,8.51356809554563,2.550237545437299,1.477889694706105,218,225,7,50,100,85
1997,162,170,174,187,224,173,188,200,221,258,126,6.917854149203688,132.87594300083822,71,205.52053646269908,277.3176865046102,118,13.36031746031746,131.46349206349203,51,209.0015873015873,260.35079365079366,11222.082191780824,9708.68817204301,6931.142857142857,7495.548387096774,27026.666666666668,37574.344086021505,8946.822222222223,6354.580645161291,4490.688172043011,7077.488888888889,5935.333333333333,7710.466666666666,5187.419354838709,8082.259259259259,24659.443223443224,5962.260869565217,6262.166666666667,20,47,76,97,106,113,118,123,127,132,137,142,149,169,194,239,268,302,327,0.08961576391149606,4.7905477546639155,21.375345003432123,9.289241027832045,0.11370958717920544,0.15200903756278145,0.4406863222840065,4.2424938271932735,9.6707839555638,19.267042388916018,23.317782502533287,21.473200357088484,16.28644727071127,8.642323680590575,2.960516043769002,0.00916672573294825,175,228,54,59,116,82
1998,165,172,179,187,197,171,179,185,191,203,122,0.7518860016764459,123.0184409052808,79,193.52388935456833,273.40150880134115,110,5.5968253968253965,115.66190476190476,54,201.8190476190476,256.3968253968254,13509.826484018266,6106.344086021505,10489.642857142857,27652.25806451613,41229.333333333336,17229.41935483871,14131.822222222225,13094.172043010753,5492.344086021505,5303.022222222222,7443.075268817204,7488.666666666667,6620.817204301075,14891.407407407409,24120.29304029304,7992.094202898551,7180.876811594203,40,60,69,78,88,94,99,105,111,117,125,139,162,177,192,213,260,296,329,0.5154910589147543,8.126098001476514,20.624435322526576,10.119924155434422,0.07791656165994709,0.34928574335007817,2.661627041396285,7.110625607034458,14.57328418198454,17.074959259033207,22.547352132489603,22.136495348202295,17.136447347005216,10.102996629284284,3.120892740885434,1.1031864863570109,185,227,42,71,95,71
1999,150,154,159,165,191,154,162,167,174,230,105,4.647108130762783,109.88935456831516,87,190.6219614417435,277.80050293378036,106,2.858730158730159,108.56984126984128,81,194.57619047619048,275.7396825396825,12847.424657534246,9043.225806451614,11466.90476190476,23167.52688172043,25244.222222222223,9219.096774193547,6899.488888888889,4512.8387096774195,4905.741935483871,14038.577777777778,14858.387096774191,14693.333333333334,16292.150537634408,14662.296296296296,13737.399267399269,7751.449275362319,15287.68115942029,28,48,64,74,86,93,100,109,123,149,183,234,262,273,291,305,319,337,350,0.7101993476020028,7.5227796803350175,22.52285842619081,11.2418921613868,0.25737917500157986,0.31183091118222706,1.764423993838745,5.970241792466925,14.783591387348798,22.25,23.339786463911825,21.969986929944767,19.24098754882813,9.356315588182031,5.191225899590401,1.5228361724525454,165,255,91,79,86,82
2000,146,157,168,176,198,167,181,191,205,278,120,4.293378038558257,123.92036881810562,93,190.16848281642916,283.4685666387259,79,27.415873015873014,106.37142857142857,69,202.6365079365079,271.6904761904762,12993.369763205828,7090.215053763441,6496.206896551724,19138.817204301075,48982.22222222222,27171.182795698925,7544.6,5612.903225806452,4840.387096774193,5245.155555555555,5497.4838709677415,6707.711111111111,11706.83870967742,11005.384615384615,27891.333333333332,5232.68115942029,7984.405797101449,35,66,82,90,95,99,104,108,114,119,125,133,141,154,187,232,278,320,351,0.4397942874894512,7.023644037012361,20.861372624272885,10.4060763180911,0.42741941226426383,0.6180469556786589,3.3381612634146283,6.376514854984028,11.335380857734288,18.79822265625,21.903225806451612,21.81611618534211,17.06495912339953,9.580468479279554,4.600321612887931,0.2854166666666702,175,228,54,87,103,45
2001,146,164,176,188,200,173,184,188,196,288,139,-6.455155071248952,132.74937133277453,72,201.9362950544845,273.8642078792959,118,8.049206349206349,125.8984126984127,63,206.03809523809525,268.73015873015873,7094.016438356164,6948.430107526881,4994.119047619048,5349.591397849463,23422.31111111111,14622.408602150535,6800.288888888889,4163.569892473119,3285.3763440860216,3506.0222222222224,3841.849462365591,3425.0666666666666,4849.096774193548,5789.711111111111,14944.75457875458,3653.2391304347825,4045.340579710145,17,40,67,90,103,109,112,116,119,123,128,137,152,168,197,231,270,303,339,0.6371528851544433,7.183825202610195,22.798759559963063,12.603678921989475,0,0.02229161035446988,0.43112989856351286,5.843879767523896,15.23324189545007,20.829861679077148,22.69712391514932,24.80578025079543,19.62523714701335,12.831587161812736,5.346615515814905,1.8296643410959592,167,251,85,93,111,83
2002,148,156,167,177,220,169,181,193,199,224,126,9.737636211232187,136.25649622799665,64,201.89606035205364,266.4165968147527,90,24.4031746031746,114.4,60,206.3904761904762,265.5174603174603,8712.708675799087,3752.172043010753,4187.214285714286,13840.021505376344,27741.244444444445,11151.05376344086,5997.533333333333,5091.376344086021,4443.204301075269,4648.2,5315.634408602151,8421.888888888889,9910.752688172042,7362.222222222223,14921.384615384615,4728.45652173913,7876.898550724638,46,66,76,89,96,101,106,111,117,128,142,161,191,223,259,290,319,334,352,0.3817178881609948,6.559961955113175,22.209171814849412,10.740505349854416,0.09375041018250474,0.714047477358873,1.528805049773193,6.283546397997009,11.858617786694609,19.127777777777776,23.958831270279425,23.441506588843566,19.206917088826497,9.69959839851626,3.349697460598429,0.36951670492849814,175,248,68,72,100,78
2003,152,165,172,177,240,170,177,196,205,262,133,-0.6554903604358759,131.65297569153395,90,199.476948868399,289.3059513830679,120,7.611111111111111,127.53015873015872,79,201.32380952380953,280.15396825396823,12718.635616438356,4573.354838709677,3273.809523809524,7474.989247311828,26954.888888888887,16910.494623655915,9483.488888888887,4641.462365591397,6628,5624.777777777777,18102.90322580645,23379.777777777777,25131.612903225807,5168.503703703704,17773.36996336996,5631.485507246377,22191.992753623188,59,90,102,111,117,124,134,157,183,225,268,288,300,307,317,328,339,351,358,0.260694450095851,6.308947850655832,22.676961522862538,12.128325354048629,0,0,2.019383477651955,5.078239457872197,11.78952034570839,20.170555555555556,24.86021505376344,22.919262153871603,20.034361673990887,11.927971189765524,4.429321670532246,0.7568548551169868,172,236,65,64,110,71
2004,146,162,171,186,229,165,177,187,194,220,118,14.38558256496228,132.2539815590947,80,197.95557418273265,277.9153394803018,114,11.046031746031746,124.96031746031746,54,207.1888888888889,260.9920634920635,9539.857923497268,12085.935483870968,6340,7775.1612903225805,20303.2,10239.89247311828,5972,5528.344086021505,8487.118279569893,9310.4,6110.645161290323,7975.622222222222,14317.78494623656,8786.307692307691,12150.468864468863,7758.601449275362,9484.239130434782,9,28,54,82,96,104,111,121,134,155,186,217,236,255,274,303,331,340,353,0.17664839915740388,7.126736206578716,20.95034451692001,10.850581254784451,0.04577957481466448,0,1.5909288878082142,6.4217503854503075,13.344787868376711,18.416666666666668,22.208602150537633,22.14403318999916,17.67561275058323,11.574052965717938,3.2779623243544034,0.4727689517441663,189,240,47,90,95,77
2005,157,161,167,176,217,165,176,186,192,245,117,0.10813076278290026,117.07879295892708,83,192.7728415758592,276.03017602682314,107,12.371428571428572,119.04920634920634,71,205.1015873015873,275.8809523809524,19769.73881278539,9259.354838709678,6781.928571428572,9157.63440860215,43355.04444444445,34200,15338.8,7976.365591397849,7189.569892473119,10415.733333333334,33275.913978494624,35604.666666666664,24251.913978494624,8453.562962962962,31000.1684981685,8506.695652173914,30994.594202898552,43,89,99,108,116,122,129,143,157,185,234,270,287,296,305,318,328,335,343,0.24131945292155277,5.7650973192009625,22.20024541495503,11.59413532354894,0.1400538044591126,0.14441967010498452,0.910606827274456,6.693055435770401,9.721563827350597,19.697583787706165,24,22.822421436925097,19.266666666666666,10.57271352788455,4.977073169284415,0.4301074858634739,177,235,59,80,111,66
2006,142,153,167,173,221,155,169,176,185,233,88,18.574182732606875,106.73260687342834,99,184.12321877619448,282.8189438390612,85,29.603174603174605,114.93650793650794,69,200.1015873015873,268.51428571428573,16343.424657534246,24785.075268817203,17031.166666666668,10991.849462365592,18182.17777777778,23592.301075268817,21277.6,10316.967741935485,7198.709677419355,5948.066666666667,14910.021505376344,28470.88888888889,13757.182795698924,17621.748148148148,21045.65567765568,7841.608695652174,18943.58695652174,16,25,37,55,83,102,118,135,144,157,168,187,219,266,296,308,320,328,342,0.8557134670681503,7.60785017055616,21.93081996475441,11.784616696424107,0.7267073354413469,0.42031275431315657,2.1040469508017425,7.04925270633423,13.65223158149309,19.573333333333338,24.473118279569892,21.66996032550771,18.376666666666665,10.503346485425071,6.516545944213887,1.37798475860269,172,229,58,83,78,66
2007,150,162,170,186,249,170,186,199,225,263,115,10.960603520536464,125.96144174350376,79,195.9991617770327,275.17183570829843,104,24.966666666666665,129.4920634920635,61,206.38571428571427,267.3063492063492,12978.991780821918,11988.58064516129,7442.238095238095,11972.537634408602,31220.222222222223,31075.2688172043,8922.288888888888,5198.1505376344085,4467.741935483871,4547.022222222222,6279.290322580645,21130.222222222223,11417.032258064515,10568.637037037037,23819.875457875456,4739.710144927536,12853.18115942029,18,44,76,90,105,112,116,121,126,133,141,151,175,220,273,308,320,329,343,0.2237871410228613,5.897551600378732,22.059782608695652,12.075824175824176,0.7227019279233929,0,1.085200812940354,4.434226116604297,12.126023823727852,20.066666666666663,22.951612903225808,23.096774193548388,18.783333333333335,13.63225806451613,3.76,-0.0729973249537957,172,241,70,99,112,92
2008,145,158,166,174,189,163,173,178,187,228,132,-2.7057837384744343,129.3671416596815,94,189.314333612741,283.2506286672255,119,3.5365079365079364,123.0063492063492,66,196.42857142857144,262.1,16622.054644808744,11647.290322580646,9848.620689655172,13754.258064516129,40679.13333333333,31433.93548387097,11559.4,9777.78494623656,13250.451612903224,7437.733333333334,12138.58064516129,19667.86666666667,18247.31182795699,11791.846153846154,27929.75824175824,10184.86231884058,16652.159420289856,26,57,79,100,109,115,119,124,128,136,160,185,216,236,275,302,319,333,349,0.00219780219780219,5.20004527879798,21.52173913043478,11.24175824175824,-0.1,-0.09655172413793103,0.09045695643271244,3.443333333333334,12.00967741935484,19.27777777777778,24.102150537634408,21.112903225806452,18.123333333333335,10.870967741935484,4.743333333333333,0.1967741935483871,182,219,38,79,111,96
2009,145,158,168,179,193,170,178,188,194,209,113,17.179379715004192,129.58927074601843,75,188.883487007544,264.40821458507963,107,13.812698412698412,121.0079365079365,57,198.17777777777775,254.61111111111111,15224.730593607306,9921.41935483871,8723.97619047619,12635.032258064515,42037.4,17179.956989247312,14812.488888888887,18100.10752688172,12568.150537634408,5889.2,9890.494623655914,15639.311111111112,15233.978494623656,10483.570370370371,24594.234432234432,12254.260869565218,13565.630434782608,28,60,85,95,100,106,113,121,133,157,177,187,204,220,249,289,315,331,343,0.20222222222222225,6.393478260869565,20.80072463768116,11.042857142857144,-0.1,-0.08571428571428572,0.05483870967741935,5.176666666666667,13.90967741935484,18.238888888888887,20.612903225806452,23.467741935483872,18,9.680645161290322,5.493333333333333,0.7645161290322581,204,243,40,94,100,87
2010,126,145,157,164,185,155,161,166,182,213,112,4.682313495389773,116.83570829840738,73,197.95138306789607,270.7979882648785,90,17.77777777777778,108.26349206349208,79,191.3507936507937,270.2952380952381,14625.10502283105,12252.731182795698,12082.666666666666,22183.032258064515,27823.333333333332,8658.731182795698,9009.4,5518.193548387097,4296.451612903225,6364.777777777777,12921.032258064515,23098.044444444444,31298.279569892475,15620.25925925926,15092.336996336997,5382.579710144928,22431.956521739132,25,42,65,81,89,95,102,113,136,166,209,264,289,308,318,329,342,348,354,0.17222222222222222,8.807608695652174,22.902173913043477,11.61098901098901,0,0.10357142857142858,2.2516129032258063,8.8,15.370967741935484,20.3,25.016129032258064,23.306451612903224,19.15,11.329032258064515,4.363333333333333,0.4064516129032258,171,251,81,75,87,65
2011,150,158,164,174,217,154,164,172,179,222,68,46.48952221290863,113.60854987426656,74,200.08549874266555,273.9949706621961,80,34.263492063492066,114.23809523809524,60,214.06349206349208,273.8984126984127,16141.466666666667,10151.78494623656,7086.547619047619,20146.60215053763,35188.444444444445,37406.23655913978,12313.8,5593.935483870968,9601.849462365592,21211.71111111111,13523.032258064515,9048.488888888887,11974.58064516129,12640.814814814816,28402.864468864467,12037.18115942029,11542.18115942029,29,66,79,93,104,111,117,124,131,138,147,162,198,240,251,265,286,310,341,0.48666666666666664,5.456078029024429,22.247282608695652,12.371268328991563,-0.0903225806451613,-0.07857142857142857,0.16451612903225807,4.875305955674914,11.30967741935484,19.31388888888889,24.446236559139784,22.887096774193548,18.666666666666668,12.64516129032258,5.792847264607749,1.5741935483870968,181,239,59,73,109,83
2012,131,144,152,163,186,158,167,170,190,271,91,20.48197820620285,111.46689019279128,109,183.17686504610225,291.9622799664711,57,42.111111111111114,99.17460317460318,97,189.35396825396825,285.93174603174606,12751.149362477232,8797.09677419355,6841.471264367816,17983.397849462366,17040.11111111111,18480.40860215054,16613.244444444445,11466.537634408602,5052.344086021505,6033.7555555555555,16322.10752688172,16845.422222222223,11334.94623655914,11303.274725274723,17390.03663003663,7533.673913043478,14812.297101449276,26,60,79,88,101,116,125,136,151,172,181,190,228,270,290,302,312,325,347,0.11428571428571428,8.070652173913043,22.440217391304348,11.738461538461538,0.0032258064516129,0.03793103448275862,1.2838709677419355,8.673333333333334,14.274193548387096,18.866666666666667,23.919354838709676,24.419354838709676,18.55,11.76774193548387,4.8966666666666665,0.2967741935483871,186,247,62,74,93,72
2013,132,156,162,171,189,157,168,174,178,189,92,18.030176026823135,110.3528918692372,89,194.16596814752725,282.55490360435874,74,35.661904761904765,110.33492063492064,91,189.87777777777777,280.9174603174603,13949.629223744292,9884.94623655914,11279.09523809524,12981.591397849465,23475.11111111111,18157.84946236559,25284.666666666668,13443.333333333334,11412.90322580645,13371.333333333334,7709.720430107527,9505.31111111111,11142.150537634408,11385.303703703705,22260.29304029304,12735.688405797102,9451.81884057971,27,47,73,90,103,113,123,143,151,160,169,182,200,220,243,262,285,319,340,0.1465972109194163,6.890729268391927,21.582608695652173,11.623076923076924,0.1615859493132575,-0.0148362659272684,0.535483870967742,5.794903089735243,14.306451612903226,18.6,23.822580645161292,22.229032258064517,18.033333333333335,12.974193548387095,3.816666666666667,0.27741935483870966,182,244,63,109,97,81
2014,152,163,179,182,201,169,179,182,193,202,136,1.889354568315172,138.2531433361274,85,190.8918692372171,276.21290863369654,105,12.863492063492064,117.63174603174603,84,197.97936507936507,281.7238095238095,15430.555251141552,15982.43010752688,8687.690476190477,6869.720430107527,41033.24444444444,25908.236559139787,11386,13687.290322580646,6819.913978494624,4910.044444444445,11162.043010752688,14402.888888888889,23987.52688172043,10574.133333333331,26106.95238095238,8511.13768115942,16540.471014492752,19,38,74,101,107,111,116,122,130,141,164,184,201,240,291,307,326,345,355,0.37258342884205176,4.715217391304348,22.152173913043477,11.729670329670329,0.5895163751417638,0.16276789165678493,0.2806451612903226,1.403333333333333,12.35483870967742,19.533333333333335,23.70967741935484,23.129032258064516,18.9,13.03225806451613,3.213333333333334,0.34516129032258064,179,251,73,89,108,109
2015,142,158,167,177,188,169,180,184,190,224,120,15.233025984911986,134.50209555741827,69,206.68063704945516,275.6940486169321,83,37.82698412698413,121.42063492063492,76,206.87777777777777,282.8952380952381,12863.223744292238,12427.462365591398,10052.619047619048,7894.860215053764,27931.155555555557,15515.870967741936,12031.244444444445,6647.978494623656,7653.139784946236,10054.955555555556,15062.236559139785,11835.844444444445,17314.817204301075,10127.392592592592,18460.043956043955,8097.644927536232,14769.173913043478,17,40,64,94,107,113,118,125,142,161,181,216,245,271,281,301,321,340,354,1.0757412521927503,5.657608695652174,22.08695652173913,12.456841012584425,0,0,0.01290322580645161,2.35,14.503225806451614,18.6,22.806451612903224,24.741935483870968,21.4,10.870967741935484,5.152417738172752,3.1231197644305664,185,261,77,85,105,99
2016,144,154,161,172,184,164,171,176,184,196,135,-3.390611902766136,131.9991617770327,70,201.40234702430843,271.1894383906119,72,35.98253968253968,107.5111111111111,84,196.27142857142857,280.0857142857143,11138.577413479054,17343.870967741936,16198.850574712644,22072.47311827957,28829.51111111111,10684.021505376344,6820.666666666667,4647.763440860215,4802.967741935484,4160.822222222222,3985.182795698925,6725.822222222222,7781.397849462365,18589.81684981685,15392.417582417582,4541.275362318841,6158.028985507246,12,22,38,53,61,70,80,89,96,101,107,115,129,148,175,220,262,312,339,0.5816348512530836,7.775559448670059,22.33216554116512,13.071393618740885,0.28674735612767216,0.9888942323882104,2.6760792839688894,6.898139834933821,13.724155368599844,19.766666666666666,24.096774193548388,23.05029773507068,20.366666666666667,13,5.849893976847346,0.4955377640262797,176,257,82,69,81,89
2017,153,160,164,172,192,159,171,180,187,201,143,-1.0167644593461862,142.17518860016764,77,198.4593461860855,274.9354568315172,86,29.17936507936508,115.23650793650792,90,196.8746031746032,287.184126984127,13613.95799086758,8202.494623655914,9225.452380952382,11821.548387096776,42068.75555555555,32354.1935483871,9099.08888888889,7002.602150537635,3934.2365591397847,4736.7555555555555,8366.387096774193,15171.644444444444,11495.78494623656,9767.31111111111,27890.278388278388,5229.833333333333,11639.963768115942,31,58,76,97,104,108,113,117,122,128,134,142,159,189,236,291,308,324,343,0.4685141217267136,6.464730119014142,20.694603687783953,12.855636812985605,0.19736572593771576,0.42793174925305216,0.5061572085144803,6.768809916178404,12.129032258064516,20.2,23.053630008492423,18.814226097188993,19.966666666666665,14.745753413374707,3.791486472235804,0.7763175636209542,170,211,42,70,110,79
2018,147,160,166,174,191,167,179,185,195,241,130,1.1969823973176863,130.89354568315173,69,205.2062028499581,273.83654652137466,70,33.84126984126984,104.13174603174603,79,201.25079365079364,279.51428571428573,13202.68310502283,14615.354838709678,12903.09523809524,13993.548387096776,34774.22222222222,26454.172043010753,5670.577777777778,5465.806451612903,5835.333333333333,4452.688888888889,6020.258064516129,14946.844444444445,13498.193548387097,13868.474074074074,22345.31135531135,5259.95652173913,11450.840579710144,19,34,53,70,88,99,108,114,118,123,127,134,155,198,240,292,312,328,352,0.5267733114737111,6.715046943443418,21.47361820884374,10.89870013002948,0.3965053845477417,0.7972917738415036,0.7225815475628037,4.275946867201076,15.067931767945652,19.943333333333335,22.214104076098383,22.214053188857232,20.012056079440647,10.15483870967742,2.5540009816487736,0.4127019820674806,176,254,64,77,103,94
2019,154,165,171,181,238,168,177,181,187,235,153,-5.606873428331936,146.63537300922044,70,203.26823134953895,273.2514668901928,114,8.549206349206349,122.64920634920637,61,202.53333333333333,264.1174603174603,15950.977168949772,12192.36559139785,11127.619047619048,12309.032258064515,47722.666666666664,31546.301075268817,11913.711111111112,8695.849462365592,6187.720430107527,6320.0888888888885,10468.387096774191,13826.022222222222,19150.62365591398,11901.296296296296,30406.88644688645,7076.014492753623,14488.804347826088,26,48,80,94,103,109,113,118,123,130,141,152,177,206,254,294,313,335,351,0.0769209651623769,5.853924715346194,21.77464725383814,13.47808219178082,0.07598145187542162,0.07796114058722026,0.864490254720058,6.105227974785718,10.60016247328892,18.773333333333333,24.061290322580646,22.39250152751964,18.226666666666667,11.673333333333334,6.684615384615385,0.6936643712124713,182,240,50,69,109,73
